name,github_url,stars,node_author,model_author,description,nodes_list,category,confidence
ComfyUI-Depth-Visualization,https://github.com/gokayfem/ComfyUI-Depth-Visualization,68,gokayfem,,Visualizes depth maps inside ComfyUI for depth estimation workflows.,Depth Visualization,depth-normal,high
Blender-IO,https://github.com/AIGODLIKE/Blender-IO,2,AIGODLIKE,,Provides bidirectional data exchange between Blender and ComfyUI for 3D workflows.,"Blender Inputs, Blender Outputs, ComfyUIInputs",other-3d,medium
ComfyUI-SyncTalk,https://github.com/Ryuukeisyou/ComfyUI-SyncTalk,42,Ryuukeisyou,ZiqiaoPeng,Implements SyncTalk for creating NeRF-based talking heads with synchronized lip movements.,"wav process, inference",other-3d,medium
StableZero123-comfyui,https://github.com/deroberon/StableZero123-comfyui,181,deroberon,SUDO-AI-3D,A custom node that uses the Zero123plus model to generate multi-view images from a single input image for 3D reconstruction.,StableZero123,multi-view,high
Geowizard depth and normal estimation in ComfyUI,https://github.com/kijai/ComfyUI-Geowizard,127,kijai,fuxiao0719,Provides depth and normal map estimation nodes for 3D scene understanding workflows.,"GeowizardDepthEstimation, GeowizardNormalEstimation",depth-normal,high
ComfyUI-Panda3d,https://github.com/chaojie/ComfyUI-Panda3d,17,chaojie,Panda3D,Provides a 3D engine integration with ComfyUI for visualizing 3D content within the workflow.,"Panda3D_Renderer, Panda3D_SceneManager",visualization,high
ComfyUI_toyxyz_test_nodes,https://github.com/toyxyz/ComfyUI_toyxyz_test_nodes,615,toyxyz,,"This package includes an 'Export glb' node for GLB file exports and tools for depth-to-normal conversion, supporting 3D workflows.","Export glb, depth to normal, remove noise node for normal map",mesh-processing,medium
ComfyUI-Flowty-TripoSR,https://github.com/flowtyone/ComfyUI-Flowty-TripoSR,541,flowtyone,Tripo AI and Stability AI,"A custom node for TripoSR, enabling fast 3D model generation from single images directly within ComfyUI.",TripoSRNode,image-to-3d,high
Marigold depth estimation in ComfyUI,https://github.com/kijai/ComfyUI-Marigold,573,kijai,Bingxin,"Wrapper node for Marigold depth estimation model, producing depth maps useful for 3D reconstruction and scene understanding","MarigoldDepthEstimation, MarigoldRemap, OpenEXRSaver",depth-normal,high
ComfyUI-Depth-Pro,https://github.com/spacepxl/ComfyUI-Depth-Pro,209,spacepxl,Apple,"Provides metric depth estimation for images, which can be used to project 2D images into 3D space using camera focal length calculations.","Load Depth Pro model, Depth Pro Model Apply, Gamma Adjust",depth-normal,high
ComfyUI-dust3r,https://github.com/chaojie/ComfyUI-dust3r,23,chaojie,NAVER LABS,"This package integrates dust3r, a model for depth and normal estimation, into ComfyUI for 3D scene reconstruction workflows.","DUSt3R_ViTLarge_BaseDecoder_224_linear, DUSt3R_ViTLarge_BaseDecoder_512_linear, DUSt3R_ViTLarge_BaseDecoder_512_dpt",depth-normal,high
ComfyUI Easy Use,https://github.com/yolain/ComfyUI-Easy-Use,2493,yolain,,"This package simplifies workflows for Zero123, a multi-view generation model used for 3D reconstruction.","easy latentNoisy, easy preSamplingNoiseIn",multi-view,medium
ComfyUI-Lotus,https://github.com/kijai/ComfyUI-Lotus,164,kijai,EnVision-Research,"Provides nodes for Lotus depth and normal map prediction, which are essential for 3D scene understanding and reconstruction.",LotusDepthNormalPredictor,depth-normal,high
ComfyUI-MoGe,https://github.com/kijai/ComfyUI-MoGe,52,kijai,Microsoft,"Provides nodes for using Microsoft's MoGe model, which focuses on 3D human body reconstruction and motion generation.","Load MoGe Model, MoGe Process",human-body,high
ComfyUI-3D-Pack,https://github.com/MrForExample/ComfyUI-3D-Pack,3724,MrForExample,MrForExample,"A comprehensive node suite for generating and processing 3D assets in ComfyUI, supporting 3DGS, NeRF, InstantMesh, CRM, TripoSR and other cutting-edge algorithms/models for 3D generation and reconstruction.","InstantNGP, Convert 3DGS to Mesh with NeRF, Marching_Cubes, UV Texture Processing, Mesh Import/Export","image-to-3d,text-to-3d,multi-view,mesh-processing,gaussian-splatting",high
ComfyUI-StableXWrapper,https://github.com/kijai/ComfyUI-StableXWrapper,68,kijai,Stable-X,"This package provides a ComfyUI wrapper for StableX models, specifically focusing on normal map and depth estimation for 3D workflows.","StableNormalWrapper, StableDelightWrapper",depth-normal,high
ComfyUI-depth-fm,https://github.com/kijai/ComfyUI-depth-fm,88,kijai,CompVis Group @ LMU Munich,"This package provides a ComfyUI node for DepthFM, a fast monocular depth estimation model that generates depth maps from single images.",DepthFMNode,depth-normal,high
ComfyUI_Blender_Texdiff,https://github.com/adriflex/ComfyUI_Blender_Texdiff,2,adriflex,,"This package provides nodes for visualizing color and depth information from Blender's viewport, which can be useful for 3D workflows involving depth maps and scene visualization.","Blender viewport color, Blender Viewport depth",visualization,medium
Avatar Graph,https://github.com/avatechai/avatar-graph-comfyui,262,avatechai,avatechai,"This package provides nodes for creating real-time interactive avatars using Blender's bpy mesh API and Avatech Shape Flow runtime, focusing on character rigging and animation.","sam, bpy",rigging-animation,high
ComfyUI-CUP,https://github.com/AIGODLIKE/ComfyUI-CUP,58,AIGODLIKE,,"This package serves as a bridge between ComfyUI and Blender's ComfyUI-BlenderAI-node addon, facilitating integration between 2D AI workflows and 3D Blender environments.","InputImage, SaveImage",other-3d,medium
tri3d-comfyui-nodes,https://github.com/TRI3D-LC/tri3d-comfyui-nodes,27,TRI3D-LC,,"This package provides nodes for hand-related 3D processing, including hand extraction, position handling, and fuzzification.","tri3d-extract-hand, tri3d-fuzzification, tri3d-position-hands, tri3d-atr-parse",human-body,medium
ComfyUI-ViewCrafter,https://github.com/logtd/ComfyUI-ViewCrafter,15,logtd,Drexubery,Nodes for ViewCrafter's novel view synthesis capability to generate multiple camera viewpoints from input images,,multi-view,high
ComfyUI MotionDiff,https://github.com/Fannovel16/ComfyUI-MotionDiff,212,Fannovel16,,"This package implements motion diffusion models (MDM, MotionDiffuse, ReMoDiffuse) and 4DHuman for 3D human pose estimation and motion generation, utilizing SMPL models for visualization.","4DHuman, MotionGPT, MDM, MotionDiffuse, ReMoDiffuse",human-body,high
ComfyUI-4DHumans,https://github.com/logtd/ComfyUI-4DHumans,8,logtd,shubham-goel,"ComfyUI nodes for 4D-Humans, enabling 3D human body reconstruction and pose estimation using SMPL models.","4DHumansNode, SMPLProcessor, HMRProcessor",human-body,high
ComfyUI_Pops,https://github.com/smthemex/ComfyUI_Pops,22,smthemex,pOpsPaper,Implements pOps diffusion operators for photo-inspired texture generation and object texturing workflows.,object2texture,texturing,medium
ComfyUI-Flowty-CRM,https://github.com/flowtyone/ComfyUI-Flowty-CRM,156,flowtyone,"Zhengyi Wang, Yikai Wang, Yifei Chen, Chendong Xiang, Shuo Chen, Dajiang Yu, Chongxuan Li, Hang Su, Jun Zhu","This package integrates Convolutional Reconstruction Models (CRM) into ComfyUI, enabling high-fidelity single image-to-3D generation with outputs in GLB and OBJ formats.",CRMNode,image-to-3d,high
ComfyUI-Hunyuan3D-1-wrapper,https://github.com/jtydhr88/ComfyUI-Hunyuan3D-1-wrapper,33,jtydhr88,Tencent/Hunyuan3D-1,"Wrapper for Tencent's Hunyuan3D-1 text-to-3D generation model, enabling 3D asset creation directly in ComfyUI with mesh/texture outputs.",Hunyuan3DWrapper,text-to-3d,high
ComfyUI-Texture-Simple,https://github.com/gokayfem/ComfyUI-Texture-Simple,55,gokayfem,,"This package allows users to upload and visualize texture maps directly within ComfyUI, aiding in 3D texturing workflows.",TextureVisualizer,texturing,high
ComfyUI-3d-photo-inpainting,https://github.com/AIFSH/ComfyUI-3d-photo-inpainting,16,AIFSH,vt-vl-lab,Generates motion videos from a single image using depth and inpainting techniques for 3D effects like zoom and swing.,"ZoomInMotion, DollyZoomMotion, SwingMotion, CircleMotion",image-to-3d,high
ComfyUI Video Depth Anything,https://github.com/yuvraj108c/ComfyUI-Video-Depth-Anything,43,yuvraj108c,DepthAnything,"This package provides depth estimation for long videos, maintaining quality and consistency, which can be used in 3D workflows.",Video Depth Anything,depth-normal,high
ComfyUI_PBR_Maker,https://github.com/smthemex/ComfyUI_PBR_Maker,16,smthemex,Giuseppe Vecchio,This package generates physically-based rendering (PBR) materials for 3D workflows using the MatForger model.,PBR_Maker,texturing,high
ComfyUI Depth Anything TensorRT,https://github.com/yuvraj108c/ComfyUI-Depth-Anything-Tensorrt,130,yuvraj108c,spacewalk01,"This package provides ultra-fast depth map generation using Depth-Anything-TensorRT, optimized for ComfyUI.",DepthAnythingTensorRTNode,depth-normal,high
ComfyUI_PartPacker,https://github.com/smthemex/ComfyUI_PartPacker,31,smthemex,NVlabs,"Implements PartPacker for efficient part-level 3D object generation via dual volume packing, with support for mesh output and texture assignment.","PartPackerNode, MeshOutputNode",text-to-3d,high
ComfyUI-Zero123-Porting,https://github.com/kealiu/ComfyUI-Zero123-Porting,22,kealiu,cvlab-columbia,Generates multi-view images from a single input image for 3D object reconstruction using Zero123 model.,"Zero123: Image Rotate in 3D, Zero123: Image Preprocess",multi-view,high
ComfyUI_DisplacementMapTools,https://github.com/risunobushi/ComfyUI_DisplacementMapTools,3,risunobushi,,Tools for converting normal maps to displacement maps and applying displacement to planar images like logos.,"Extract Displacement Map Node, Displace Logo",depth-normal,medium
ComfyUI-qwenmultiangle,https://github.com/jtydhr88/ComfyUI-qwenmultiangle,1146,jtydhr88,fal,"Provides interactive 3D camera angle control and outputs prompts for multi-angle image generation, compatible with Qwen-Image-Edit-2511-Multiple-Angles-LoRA.",CameraAngleControl,multi-view,high
ComfyUI_CustomNet,https://github.com/smthemex/ComfyUI_CustomNet,10,smthemex,TencentARC,"This package enables object customization with variable viewpoints in text-to-image diffusion models, supporting multi-view generation for 3D reconstruction.","CustomNet, normal, inpainting, polar, zaimuth",multi-view,medium
IF_Trellis,https://github.com/if-ai/ComfyUI-IF_Trellis,448,if-ai,if-ai,"ComfyUI IF Trellis generates 3D assets, including meshes, Radiance Fields, and 3D Gaussians, from single-view or multi-angle images using a unified Structured LATent (SLAT) representation.",TRELLIS,image-to-3d,high
ComfyUI_Sapiens,https://github.com/smthemex/ComfyUI_Sapiens,202,smthemex,facebookresearch,"This package provides nodes for generating depth, normal, pose, and segmentation maps using the Sapiens and Sapiens2 models from Facebook Research.","Using Sapiens, Using Sapiens2",depth-normal,high
☁️BizyAir Nodes,https://github.com/siliconflow/BizyAir,846,siliconflow,Tencent Hunyuan3D,Supports Hunyuan3D 2.1 shape mesh for 3D model generation from text.,Hunyuan3D,text-to-3d,medium
ComfyUI-AI-Assistant,https://github.com/JackEllie/ComfyUI_AI_Assistant,24,JackEllie,,Provides tools for normal map generation from line art and potential 3D model creation from normal maps.,"lineart2normal, normal to 3D",mesh-processing,high
ComfyUI_OmniPart,https://github.com/smthemex/ComfyUI_OmniPart,9,smthemex,HKU-MMLab,"OmniPart enables part-aware 3D generation with semantic decoupling and structural cohesion, facilitating detailed 3D model creation.","OmniPart, TRELLIS, PartField, FlexiCubes, dinov2",text-to-3d,high
ComfyUI-easycontrol,https://github.com/jax-explorer/ComfyUI-easycontrol,186,jax-explorer,Xiaojiu-z,"This package provides nodes for EasyControl models, which include multi-view generation capabilities for enhanced control in AI image generation.","EasyControlLoader, MultiViewGenerator, StylePhotoNode, MigrateSubjectsNode",multi-view,medium
SideBySide_Stereoscope,https://github.com/SamSeenX/ComfyUI_SSStereoscope,51,SamSeenX,Depth-Anything (V2 & V3),Transforms 2D images into stereoscopic 3D side-by-side images and videos using depth estimation for VR and 3D displays.,"SBS V2, SBS V2.1 (External Depth), SBS Video Uploader, SBS Video Combiner",visualization,high
ComfyUI_TRELLIS,https://github.com/smthemex/ComfyUI_TRELLIS,184,smthemex,Microsoft,"This package integrates TRELLIS, a structured 3D latent model by Microsoft, into ComfyUI for scalable and versatile 3D generation, supporting text-to-3D and mesh-to-3D workflows.","TRELLIS, txt to 3D, meshto3D",text-to-3d,high
DepthCrafter Nodes,https://github.com/akatz-ai/ComfyUI-DepthCrafter-Nodes,252,akatz-ai,Tencent,"Generates consistent depth maps for video frames using DepthCrafter model, enabling 3D scene reconstruction from 2D video.","DownloadAndLoadDepthCrafterModel, DepthCrafter",depth-normal,high
ComfyUI-Benripack,https://github.com/blackcodetavern/ComfyUI-Benripack,13,blackcodetavern,,Provides nodes for loading 3D models (FBX) and extracting animation frames for consistent animations.,"Benri Load 3D Model, Benri Animation Extractor",rigging-animation,high
ComfyUI-RTX-Remix,https://github.com/NVIDIAGameWorks/ComfyUI-RTX-Remix,62,NVIDIAGameWorks,NVIDIAGameWorks,"This package provides custom nodes for AI texture processing workflows integrated with NVIDIA RTX Remix Toolkit, primarily for remastering classic games.","RTX Remix Toolkit Integration, REST API Workflows",texturing,medium
Comfyui_Hunyuan3D,https://github.com/TTPlanetPig/Comfyui_Hunyuan3D,31,TTPlanetPig,Tencent,Provides ComfyUI nodes to generate 3D models (GLB/OBJ formats) using Tencent's Hunyuan3D text-to-3D model.,"TTP_Hunyuan3DNode, TTP_SquareImage, TTP_GIFViewer",text-to-3d,high
Pseudocomfy,https://github.com/Pseudotools/Pseudocomfy,3,Pseudotools,,"This package enables multi-regional prompting for architectural rendering, integrating with Rhino Pseudorandom plugin for enhanced visualization workflows.",PseudoUnpackModelSnapshot,visualization,medium
NormalMapLightEstimator,https://github.com/APZmedia/Comfyui-LightDirection-estimation,0,APZmedia,,"This package estimates light direction and quality from normal maps using luma masking, which can be useful for 3D workflows involving lighting analysis and surface orientation.",NormalMapLightEstimator,depth-normal,medium
ComfyUI_DepthFlow,https://github.com/cr7Por/ComfyUI_DepthFlow,5,cr7Por,BrokenSource,"Provides depth estimation functionality for generating depth maps from images, which are commonly used in 3D workflows.",DepthFlow,depth-normal,high
ComfyUI-3D-MeshTool,https://github.com/807502278/ComfyUI-3D-MeshTool,23,807502278,,"A ComfyUI plugin for processing 3D models, including loading/saving OBJ/PLY files, mesh data manipulation, UV unwrapping, and normal calculation.","load_obj, Ply_load, Ply_save, unwrapUV_xatlas, Auto_Normal",mesh-processing,high
GLSL Nodes,https://github.com/patriciogonzalezvivo/comfyui_glslnodes,247,patriciogonzalezvivo,,"This package enables GLSL shader integration in ComfyUI workflows, supporting 3D visualization and rendering techniques like raymarching.","glslViewer, glslEditor, glslEditorPro, vec3, vec4",visualization,medium
ComfyUI-Paint3D-Nodes,https://github.com/N3rd00d/ComfyUI-Paint3D-Nodes,73,N3rd00d,OpenTexture,"This package provides nodes for 3D model texture inpainting using the Paint3D method, enabling texture editing and projection on 3D meshes.","LoadMeshModel, GenerateDepthImage, TrainConfig, TrainConfigPipe, 3D_",texturing,high
Tripo for ComfyUI,https://github.com/VAST-AI-Research/ComfyUI-Tripo,331,VAST-AI-Research,Tripo3D,"This package integrates Tripo3D into ComfyUI, enabling 3D model generation from text prompts, images, and multi-view images, along with mesh refinement, texturing, and animation capabilities.","Text to Mesh, Image to Mesh, Multiview Images to Mesh, Texture a generated model, Refine a draft Mesh",text-to-3d|image-to-3d|multi-view|mesh-processing|texturing|rigging-animation,high
ComfyUI-Blender,https://github.com/alexisrolland/ComfyUI-Blender,158,alexisrolland,,"This package integrates Blender with ComfyUI, enabling workflows that involve 3D mesh processing and manipulation within Blender.",Blender nodes,mesh-processing,high
Clothing Migration Kit,https://github.com/TTPlanetPig/Comfyui_Object_Migration,783,TTPlanetPig,,"This package includes a 3D Figure Kit that transforms 2D character designs into 3D printable figurines, allowing for pose customization.","3D Figure Kit, Clothing Migration Kit",other-3d,medium
ComfyUI-JakeUpgrade,https://github.com/jakechai/ComfyUI-JakeUpgrade,141,jakechai,Tencent Hunyuan3D,"This package includes workflows for image-to-3D model generation, specifically using tools like Hy3D, MVAdapter, and IG2MV, with support for Tencent's Hunyuan3D wrapper.","Hy3D, MVAdapter, IG2MV, Hunyuan3D Wrapper, 3D-Pack",image-to-3d,high
ComfyUI Hunyuan-3D-2,https://github.com/niknah/ComfyUI-Hunyuan-3D-2,67,niknah,Tencent,"Converts an image into a 3D file (GLB format) using Tencent's Hunyuan-3D-2 and Hunyuan-3D-2.1 models, suitable for import into 3D software like Blender.",Hunyuan3DNode,image-to-3d,high
ComfyUI-Environment-Visualizer,https://github.com/willchil/ComfyUI-Environment-Visualizer,15,willchil,,This package converts panoramic images and depth maps into 3D environments for immersive WebXR visualization.,"EnvironmentVisualizer, InterpolateEdges, MapEquirectangular",visualization,high
Comfyui_Hunyuan3D_EX,https://github.com/BIMer-99/Comfyui_Hunyuan3D_EX,7,BIMer-99,Tencent,"Custom node package for using Hunyuan3D in ComfyUI, enabling image-to-3D generation with optimized code and visualization.","EX_Hunyuan3DNode, EX_GenerateSixViews, EX_TriMeshViewer, EX_RemoveBackground, EX_SquareImage",image-to-3d,high
ComfyUI-Voxels,https://github.com/DanielHabib/ComfyUI-Voxels,4,DanielHabib,,"This package provides tools for converting meshes into voxel representations and visualizing voxel data, including saving, loading, and previewing voxel blocks and videos.","Mesh To Voxel, Voxel Block Saver, Voxel Viewer, Voxel Block Loader, Voxel Video Viewer",voxels,high
ComfyUI-Rodin,https://github.com/DeemosTech/ComfyUI-Rodin,54,DeemosTech,Hyper3D,"Extension for generating 3D assets (meshes with PBR textures) via RodinAPI, supporting image-to-3D, text-to-3D, and multi-view input.","Rodin - Image to 3D, Rodin - Text to 3D, Rodin - Multiple Images to 3D, Rodin - API KEY, 3D Preview",image-to-3d|text-to-3d|multi-view,high
Comfyui_three_js,https://github.com/lo-th/Comfyui_three_js,21,lo-th,,This package enables 3D model visualization and integration with AI workflows using three.js within ComfyUI.,,visualization,high
Comfyui-LG_Relight,https://github.com/LAOGOU-666/Comfyui-LG_Relight,214,LAOGOU-666,,"This package provides real-time 3D lighting capabilities within ComfyUI, allowing users to add and adjust multiple light sources for enhanced 3D visualization.","LG_Relight, ULTRA_LG_Relight",visualization,high
Playbook Nodes,https://github.com/playbook3d/playbook3d-comfyui-nodes,21,playbook3d,playbook3d,"This package provides nodes for integrating Playbook3D renders into ComfyUI workflows, offering access to various render passes like beauty, canny, depth, and mask.","Beauty, Canny, Depth, Mask",visualization,high
Comfyui_SSsnap_pose-Remapping,https://github.com/SS-snap/Comfyui_SSsnap_pose-Remapping,50,SS-snap,,"This package provides nodes for skeletal remapping and animation refinement, supporting joint locking, motion-aware scaling, and easing transitions, ideal for rigging and animation workflows.","ApplyPoseScalesToFrames, RenderKps, ApplyPoseDiff",rigging-animation,high
ComfyUI-gaussian_preview,https://github.com/yichengup/ComfyUI-gaussian_preview,14,yichengup,,"This package provides interactive 3D preview and video recording capabilities for Gaussian Splatting models, enabling visualization and export of 3D Gaussian point clouds.",Preview Gaussian,gaussian-splatting,high
ComfyUI-DreamWaltz-G,https://github.com/gt732/ComfyUI-DreamWaltz-G,3,gt732,Yukun-Huang,"This package integrates DreamWaltz-G, a model for generating expressive 3D Gaussian avatars using skeleton-guided 2D diffusion, into ComfyUI workflows.",DreamWaltz-G Nodes,gaussian-splatting,high
ComfyUI-Stability-AI-API,https://github.com/yhayano-ponotech/comfyui-stability-ai-api,0,yhayano-ponotech,Stability AI,"Generates 3D assets from 2D images using Stability AI's API, including fast 3D asset creation and point-aware 3D modeling.","StableFast3D, StablePointAware3D, Preview3DModel, Save3DModel",image-to-3d,high
ComfyUI-Texturaizer,https://github.com/LatentSpaceDirective/ComfyUI-Texturaizer,21,LatentSpaceDirective,,"Texturaizer is a Blender addon that integrates ComfyUI for AI-driven texturing and asset generation within Blender, enabling artists to apply AI-generated textures and visuals directly to 3D objects.",Texturaizer nodes,texturing,high
ComfyUI-LLaMA-Mesh,https://github.com/Yuan-ManX/ComfyUI-LLaMA-Mesh,5,Yuan-ManX,nv-tlabs,"Provides ComfyUI nodes for LLaMA-Mesh, a model for text-to-3D mesh generation.",LLaMA-Mesh,text-to-3d,high
RightEyeDisparity,https://github.com/KAVVATARE/ComfyUI_RightEyeDisparity,3,KAVVATARE,ComfyStereo,Generates right eye disparity videos for VR using depth maps from left eye video frames.,Video Right Eye Disparity,depth-normal,high
ComfyUI-texflow-extension,https://github.com/theAdamColton/ComfyUI-texflow-extension,1,theAdamColton,,"This package provides nodes for loading and saving depth images, which can be used in 3D workflows for depth map processing.","Load Texflow Depth Image, Save Texflow Image",depth-normal,medium
ComfyUI-Direct3D-S2,https://github.com/Yuan-ManX/ComfyUI-Direct3D-S2,17,Yuan-ManX,DreamTechAI,"Direct3D-S2 is a scalable 3D generation framework based on sparse volumes, enabling efficient text-to-3D generation with reduced training costs.",Direct3D-S2,text-to-3d,high
ComfyUI-ShadowR,https://github.com/Easymode-ai/ComfyUI-ShadowR,16,Easymode-ai,movingforward100,"This package wraps the Shadow_R model, which is associated with Tencent Hunyuan and likely involves 3D-related processing or generation.",ShadowRWrapper,other-3d,high
ComfyUI Equirectangular Tools,https://github.com/kukuo6666/ComfyUI-Equirect,2,kukuo6666,,"Tools for converting between equirectangular panoramas and cubemap formats, useful for 360° image processing and visualization in 3D environments.","EquirectToCubemapNode, CubemapToEquirectNode",visualization,high
ComfyUI-MVAdapter,https://github.com/huanngzh/ComfyUI-MVAdapter,471,huanngzh,huanngzh,"This package integrates MV-Adapter into ComfyUI, enabling the generation of multi-view consistent images from text prompts or single images, which is essential for 3D reconstruction workflows.","LdmLoader, DiffusersModelMakeup, ControlNetIntegration",multi-view,high
ComfyUI-3D-Convert,https://github.com/nsdtcloud3d/ComfyUI-3D-Convert,21,nsdtcloud3d,,"This package provides 3D file format conversion capabilities, supporting over 30 input and output formats including GLB, GLTF, OBJ, STL, FBX, and STEP, optimized for AI-generated models.",ConvertTo3DFormat,mesh-processing,high
ComfyUI-BPT,https://github.com/Easymode-ai/ComfyUI-BPT,12,Easymode-ai,Tencent Hunyuan,"This package provides a ComfyUI wrapper for BPT (Bidirectional Point Transformer) with Trimesh input/output connections, enabling mesh processing workflows.","BPT node, Trimesh load, Trimesh save",mesh-processing,high
ComfyUI-Step1X-3D,https://github.com/Yuan-ManX/ComfyUI-Step1X-3D,13,Yuan-ManX,stepfun-ai,"This package enables high-fidelity 3D asset generation with consistent geometry-texture alignment, supporting multiple styles like cartoon, sketch, and photorealistic.","Step1X-3D-geometry, Step1X-3D-geometry-label, Step1X-3D Texture",text-to-3d,high
ComfyUI_3DGaussianSplatting,https://github.com/bemoregt/ComfyUI_3DGaussianSplatting,0,bemoregt,,A node that performs sparse scene reconstruction and novel-view rendering using 3D Gaussian Splatting from two input images.,GaussianSplattingPreview,gaussian-splatting,high
ComfyUI-Hunyuan3D-2.1,https://github.com/Yuan-ManX/ComfyUI-Hunyuan3D-2.1,43,Yuan-ManX,Tencent Hunyuan3D,"This package integrates Hunyuan3D-2.1, a scalable 3D asset creation system that generates 3D shapes and textures from images.","Hunyuan3D-Shape-v2-1, Hunyuan3D-Paint-v2-1",image-to-3d,high
ComfyUI-Y7-SBS-2Dto3D,https://github.com/yushan777/ComfyUI-Y7-SBS-2Dto3D,35,yushan777,,Converts 2D images and videos to stereoscopic side-by-side (SBS) formats for 3D viewing on VR/AR headsets using depth map processing.,"Y7 SBS (Image), Y7 SBS (Video)",visualization,high
ComfyUI-NCNodes,https://github.com/Siempreflaco/ComfyUI-NCNodes,0,Siempreflaco,,Provides a node to load 3D mesh data from outputs,Load 3D Mesh From Outputs,mesh-processing,high
ComfyUI_CGAnimittaTools,https://github.com/cganimitta/ComfyUI_CGAnimittaTools,47,cganimitta,,Provides a Blender Bridge node to send 3D models from ComfyUI to Blender for collaborative 3D workflows.,Blender_Bridge,mesh-processing,high
Stable Virtual Camera,https://github.com/Pablerdo/ComfyUI-StableVirtualCameraWrapper,3,Pablerdo,Stability AI,"Stable Virtual Camera is a diffusion model for Novel View Synthesis (NVS), generating 3D consistent novel views of a scene from input views and target cameras.",StableVirtualCameraWrapper,multi-view,high
Mesh Simplifier for ComfyUI,https://github.com/roundyyy/ComfyUI-mesh-simplifier,8,roundyyy,,"A ComfyUI node for simplifying 3D meshes while preserving textures and visual quality, using PyMeshLab for processing.",Mesh Simplifier,mesh-processing,high
aicu-comfyui-stability-ai-api,https://github.com/aicuai/aicu-comfyui-stability-ai-api,1,aicuai,Stability AI,"This package provides custom nodes for generating 3D assets from 2D images using Stability AI's API, including quick 3D asset creation and detailed point-aware 3D models.","StableFast3D, StablePointAware3D, Preview3DModel, Save3DModel",image-to-3d,high
ComfyUI-IG2MV,https://github.com/hunzmusic/ComfyUI-IG2MV,40,hunzmusic,huanngzh,"This package provides nodes for image-guided multi-view generation using the mvadapter_ig2mv_sdxl.safetensors adapter, typically used for creating textures from 3D mesh renders (position and normal maps).","Diffusers IG MV Model Makeup, Diffusers IG MV Sampler",multi-view,high
ComfyUI-TD,https://github.com/JiSenHua/ComfyUI-TD,143,JiSenHua,,"This package facilitates real-time streaming of 3D models, including point clouds and Gaussian Splatting PLY files, from ComfyUI to TouchDesigner for visualization.","ComfyUI-TD, ComfyUI2TD.tox",visualization,high
ComfyUI-Nikosis-Preprocessors,https://github.com/Nikosis/ComfyUI-Nikosis-Preprocessors,2,Nikosis,Depth Anything v2,"This package provides preprocessors for depth estimation and edge detection, which can be used in 3D workflows for depth map generation.","DepthAnything v2, LineArt, PyraCanny, Sketch",depth-normal,medium
ComfyUI_depthMapOperation,https://github.com/chri002/ComfyUI_depthMapOperation,14,chri002,,"This package provides nodes for generating and manipulating 3D point clouds from images and depth maps, including transformations, rendering, and filtering.","Image To Points (Torch), Transform Points, Points To Image (Orthographic), Points To Image (Projection), Cube Limit",depth-normal,high
FlexPainter ComfyUI Wrapper,https://github.com/Easymode-ai/ComfyUI-FlexPainter,2,Easymode-ai,"Dongyu Yan, Leyi Wu, Jiantao Lin, Luozhou Wang, Tianshuo Xu, Zhifei Chen, Zhen Yang, Lie Xu, Shunsi Zhang, Yingcong Chen",FlexPainter is a method for generating flexible and multi-view consistent textures for 3D meshes using multi-modal inputs like text and images.,"FlexPainter, RealESRGan",texturing,high
ComfyUI-HF-Model-Downloader,https://github.com/michaelgold/ComfyUI-HF-Model-Downloader,7,michaelgold,,"This package facilitates the download and management of 2D to 3D and Flux models from Hugging Face, supporting 3D-related workflows.",Model Downloader,other-3d,medium
Q Find Mask Size,https://github.com/angree/ComfyUI-Q_find-mask-size,0,angree,Tencent Hunyuan3D,Optimizes image cropping for 3D model generation workflows by analyzing mask sizes to ensure maximum detail utilization within specific input constraints.,Q Image Crop Calculator,image-to-3d,high
Q GLB Material Modifier,https://github.com/angree/ComfyUI-Q_GLB_Material_Modifier,1,angree,Tencent Hunyuan3D,"Enhances GLB 3D models from Hunyuan 3D 2.0 with realistic materials, emissive elements, and procedural normal maps for improved rendering quality.","Q Manual GLB Material Modifier, Q Batch GLB Material Generator",mesh-processing,high
ComfyUI Stable3DGen,https://github.com/lerignoux/ComfyUI-Stable3DGen,3,lerignoux,Stable-X,A custom node for generating 3D assets using Stable3D's text-to-3D generation capabilities.,Stable3DGen,text-to-3d,high
mpx-comfyui-nodes,https://github.com/withmpx/mpx-comfyui-nodes,2,withmpx,MasterpieceX,"This package provides nodes for generating 3D models from images using the MasterpieceX Python SDK, enabling 3D Generative AI workflows.","Image(s) to 3D Models(s), Download 3D Models from URL(s)",image-to-3d,high
A3D ComfyUI Integration,https://github.com/n0neye/A3D-comfyui-integration,6,n0neye,n0neye,"This package integrates A3D, a 3D scene composition tool, with ComfyUI, enabling the use of color and depth images for AI rendering and scene composition.",A3D Listener,visualization,high
Depth Estimation Node,https://github.com/Limbicnation/ComfyUIDepthEstimation,22,Limbicnation,ByteDance-Seed,"This package provides depth estimation capabilities using Depth-Anything models, with options for post-processing and camera estimation, useful for 3D workflows.",DepthEstimationNode,depth-normal,high
NormalCrafterWrapper,https://github.com/AIWarper/ComfyUI-NormalCrafterWrapper,81,AIWarper,"Yanrui Bin, Wenbo Hu, Haoyuan Wang, Xinya Chen, Bing Wang",Generates temporally consistent normal map sequences from input video frames using the NormalCrafter model.,NormalCrafter (Process Video),depth-normal,high
camera-comfyUI,https://github.com/Alexankharin/camera-comfyUI,29,Alexankharin,,"Provides nodes for depth-to-point cloud conversions, camera projections, and reprojections, enabling 3D-aware image transformations and point cloud processing.","ReprojectImage, ReprojectDepth, DepthEstimatorNode, DepthToImageNode, ZDepthToRayDepthNode",depth-normal,high
ComfyUI-Depth-Visualization-advanced,https://github.com/CoiiChan/ComfyUI-Depth-Visualization-Advanced,6,CoiiChan,,"This package provides advanced depth map visualization and 3D scene interaction, including Quilt image generation for multi-view applications.",DepthViewerAndQuilts,visualization,high
Comfyui-imagetoSTL,https://github.com/xiaogui8dangjia/Comfyui-imagetoSTL,2,xiaogui8dangjia,,"This package provides a node for ComfyUI that converts grayscale images into STL files, enabling the creation of 3D meshes from 2D images.",ImageToSTL,mesh-processing,high
Comfyui-Distill-Any-Depth,https://github.com/zade23/Comfyui-Distill-Any-Depth,6,zade23,Westlake-AGI-Lab,"ComfyUI nodes for Distill-Any-Depth, a model predicting depth maps from images for tasks like 3D scene understanding or reconstruction.",DistillAnyDepthNode,depth-normal,high
blender-in-comfyui,https://github.com/JayLyu/blender-in-comfyui,4,JayLyu,,"Provides ComfyUI nodes for 3D model loading, scene composition, and export workflows via Blender integration.","BlenderLoadScene, BlenderExportScene, BlenderTransformObject, BlenderCombineObjects",mesh-processing,high
ComfyUI-DreamCube,https://github.com/cedarconnor/ComfyUI-DreamCube,1,cedarconnor,yukun-huang,Provides 360° panoramic depth estimation with cubemap transformations and multi-plane synchronization for consistent depth maps in VR/360° workflows.,"Equirect to Cubemap, Cubemap to Equirect, Extract Cubemap Face, Batch Cubemap Depth",depth-normal,high
ComfyUI Substance Designer Integration Plugin,https://github.com/jasonjgardner/comfui-substance-designer-integration,2,jasonjgardner,Adobe,"This package integrates Substance 3D Designer workflows into ComfyUI, enabling texture map generation and material parameter control for 3D assets.","Substance Cooker, Substance Renderer, Parameter Controller, Batch Processor, Info Extractor",texturing,high
Pixel3DMM ComfyUI Nodes,https://github.com/A043-studios/comfyui-pixel3dmm,9,A043-studios,FLAME,"This package provides 3D face reconstruction from 2D images using the Pixel3DMM method, integrating FLAME parametric models for detailed mesh generation and texture mapping.","Pixel3DMM Loader, Face Reconstructor 3D, Mesh Exporter",human-body,high
Reallusion ComfyUI Custom Nodes,https://github.com/reallusion/ComfyUI-Reallusion,9,reallusion,Reallusion,"This package integrates ComfyUI with Reallusion's Character Creator and iClone, enabling AI-assisted content generation and rendering within Reallusion's animation tools.","AI Render UI Core Node, ControlNet Node, Additional Image Node, Upscale Data Node",rigging-animation,high
ComfyUI-MoGe2,https://github.com/zade23/Comfyui-MoGe2,20,zade23,Microsoft,"This package runs the MoGe2 model to generate depth maps and normal maps from input images, which are essential for 3D workflows.","MoGe2Node, MoGeNode",depth-normal,high
comfyui-3d-gs-renderer,https://github.com/swhsiang/comfyui-3d-gs-renderer,2,swhsiang,Forge,"This package integrates Forge's 3D Gaussian Splatting renderer into ComfyUI, enabling real-time rendering of splat files (.PLY, .SPZ, .SPLAT, .KSPLAT) within the workflow.",3D GS Renderer,gaussian-splatting,high
ComfyUI 3D Model Viewer,https://github.com/aesethtics/comfyui-3d-model-viewer,2,aesethtics,,A 3D model viewer node for ComfyUI that allows interactive visualization of GLB/GLTF models and generates color and depth map outputs.,3D Model Viewer,visualization,high
ComfyUI_PHRenderFormerWrapper,https://github.com/paulh4x/ComfyUI_PHRenderFormerWrapper,36,paulh4x,Microsoft,"A wrapper for Microsoft's RenderFormer model, enabling rendering of complex 3D scenes with physically-based materials and global illumination within ComfyUI.","Load 3D models, Define materials, Set up cameras, Render, Animation",visualization,high
ComfyUI-qwenmultianglelight,https://github.com/wallen0322/ComfyUI-qwenmultianglelight,148,wallen0322,,"A ComfyUI node for interactive 3D lighting control, allowing users to adjust light direction, elevation, intensity, and color for relighting image generation.",Qwen Multiangle Lightning,visualization,high
ComfyUI-DAViD,https://github.com/AIWarper/ComfyUI-DAViD,6,AIWarper,Microsoft,"This package provides nodes for extracting depth maps, surface normals, and foreground masks from images using Microsoft's DAViD models, which are useful for 3D scene understanding and reconstruction.","DAViDMultiTaskNode, DAViDDepthNode, DAViDNormalNode",depth-normal,high
ComfyUI HunyuanWorld - Complete 3D Generation Suite,https://github.com/A043-studios/ComfyUI_HunyuanWorldnode,1,A043-studios,Tencent Hunyuan3D,A comprehensive 3D generation suite that leverages Tencent's Hunyuan3D models for creating 3D models from images or text.,"HunyuanWorldModelLoader, Hunyuan3DPipeline, SimplifiedWrapper, NativeComfyUIWorkflow, HybridApproach",image-to-3d|text-to-3d,high
ComfyUI-SAM3DBody,https://github.com/PozzettiAndrea/ComfyUI-SAM3DBody,300,PozzettiAndrea,Meta AI,"Recovers 3D human meshes with pose, shape, and hand details from single images using Meta's SAM 3D Body model.",SAM3DBodyNode,human-body,high
ComfyUI-Trellis2,https://github.com/visualbruno/ComfyUI-Trellis2,518,visualbruno,Microsoft,"This package provides a ComfyUI wrapper for Microsoft's TRELLIS.2 model, enabling image-to-3D generation and mesh processing workflows.","Sparse MultiView Generator, ImageCond MultiView Generator, Voxel to Mesh, Mesh Texturing Multi-View, Fill Holes Nicely with Meshlib",image-to-3d,high
ComfyUI-Hunyuan3d-2-1,https://github.com/visualbruno/ComfyUI-Hunyuan3d-2-1,309,visualbruno,Tencent Hunyuan3D,"This package provides a ComfyUI wrapper for Tencent's Hunyuan3D-2.1 model, enabling high-fidelity 3D asset generation from images with production-ready PBR materials.","Hunyuan3DWrapper, CustomRasterizer, DifferentiableRenderer",image-to-3d,high
ComfyUI-MeshCraft,https://github.com/PozzettiAndrea/ComfyUI-MeshCraft,9,PozzettiAndrea,Tencent,"Integrates Tencent's Hunyuan 3D 2.1 for generating textured 3D meshes from images with PBR materials, multi-view texture baking, and mesh post-processing.","HunyuanX_MeshGenerator, HunyuanX_MultiViewsGenerator, HunyuanX_ExportMesh, HunyuanX_MeshUVWrap, HunyuanX_PostprocessMesh",image-to-3d,high
ComfyUI HiTem3D Integration,https://github.com/GeekatplayStudio/comfyui-hitem3d,21,GeekatplayStudio,HiTem3D,"Integrates with HiTem3D API to generate 3D models (OBJ/GLB/STL/FBX) from single or multi-view images, with support for USDZ output and various resolutions.",HiTem3D Generator Node,image-to-3d,high
ComfyUI libigl,https://github.com/PozzettiAndrea/ComfyUI-GeometryPack,175,PozzettiAndrea,,"This package provides professional geometry processing nodes for ComfyUI, enabling mesh manipulation, analysis, and visualization directly in workflows.","Remesh, Decimate Mesh, Fill Holes, Smooth Mesh, UV Unwrap",mesh-processing,high
ComfyUI-BGPSeg,https://github.com/PozzettiAndrea/ComfyUI-BGPSeg,0,PozzettiAndrea,IEEE TIP 2025,"This package provides boundary-guided primitive segmentation for point clouds, aiding in 3D mesh processing workflows.","LoadBGPSegModels, BGPSegSegmentation",mesh-processing,high
ComfyUI-HSyn9DHPE,https://github.com/edoardocompagnucci/ComfyUI-HSyn9DHPE,1,edoardocompagnucci,edoardocompagnucci,"Provides 9D human pose estimation from video inputs, generating 3D pose keypoints and body meshes with Houdini integration.",HumanPoseEstimation,human-body,high
ComfyUI-DepthAnythingV3,https://github.com/PozzettiAndrea/ComfyUI-DepthAnythingV3,393,PozzettiAndrea,ByteDance,"This package provides ComfyUI nodes for Depth Anything V3, enabling monocular depth estimation, camera pose estimation, and 3D point cloud/gaussian generation.","DepthAnythingV3Node, MultiViewNode, PointCloudNode",depth-normal,high
ComfyUI-Sharp,https://github.com/PozzettiAndrea/ComfyUI-Sharp,311,PozzettiAndrea,Apple,Generates 3D Gaussian splats from a single image using Apple's SHARP model for monocular 3D Gaussian Splatting.,"Load SHARP Model, SHARP Predict, Load Image with EXIF",gaussian-splatting,high
ComfyUI-CameraPack,https://github.com/PozzettiAndrea/ComfyUI-CameraPack,1,PozzettiAndrea,,"Provides camera utilities for ComfyUI, enabling conversion between camera formats for use in 3D visualization workflows.","DA3 to Load3D Camera, Create Load3D Camera",visualization,high
ComfyUI-Charon,https://github.com/keghoang/ComfyUI-Charon,0,keghoang,,"Provides tools for automatic mesh alignment (symmetry adjustment, ground snapping) and camera export from DA3 format to Nuke-compatible format.","CHARON_3D_Auto_Align, CHARON_Camera_From_DA3",mesh-processing,high
ComfyUI-NeurCADRecon,https://github.com/PozzettiAndrea/ComfyUI-NeurCADRecon,0,PozzettiAndrea,,"This package provides neural implicit CAD reconstruction capabilities, allowing users to train models on point clouds and extract CAD surfaces as meshes.","LoadNeurCADReconModel, NeurCADReconTrain, NeurCADReconInference, NeurCADReconLoadCheckpoint",cad,high
ComfyUI-Cadrille,https://github.com/PozzettiAndrea/ComfyUI-Cadrille,1,PozzettiAndrea,col14m,"This package enables multi-modal CAD reconstruction from point clouds, images, or text, generating CadQuery code for CAD workflows.","LoadCadrilleModel, CadrilleInference, CadrilleImageInference, CadrilleTextInference, CADRecodeInference",cad,high
ComfyUI-SECADNET,https://github.com/PozzettiAndrea/ComfyUI-SECADNET,0,PozzettiAndrea,SECAD-Net paper authors,"This package provides nodes for sketch-extrude CAD reconstruction from voxel representations, enabling the conversion of meshes to CAD models.","LoadSECADNetModel, MeshToVoxel, SECADNetInference, SECADNetFinetune, SECADNetLatentToMesh",cad,high
ComfyUI Generator Add-on,https://github.com/sysoutch/blender-ComfyUIModelGenerator-addon,1,sysoutch,,"A Blender add-on that integrates with ComfyUI for AI-powered model generation, enabling seamless AI art creation within Blender's interface.","ComfyUI Generator, Workflow Management, Image Handling, Real-time Status, Threaded Operations",other-3d,medium
ComfyUI-Hunyuan3D-v3,https://github.com/exedesign/Hunyuan-3D-v3,8,exedesign,Tencent Cloud Hunyuan 3D,"Provides text-to-3D and image-to-3D generation capabilities through Tencent's API, producing GLB format meshes with control over face count and material types.","HunyuanConfig, HunyuanTextTo3D, Preview3D","text-to-3d,image-to-3d",high
ComfyUI-SCAIL-AudioReactive,https://github.com/ckinpdx/ComfyUI-SCAIL-AudioReactive,15,ckinpdx,"AIST++, CMU Motion Capture Library","Generates audio-driven 3D skeleton animations for character choreography with physics constraints, beat detection, and integration with motion capture databases.","SCAILBeatDrivenPose, SCAILAISTBeatDance, SCAILPoseFromDWPose, SCAILBasePoseGenerator, SCAILAudioFeatureExtractor",rigging-animation,high
ComfyUI-HunyuanX,https://github.com/PozzettiAndrea/ComfyUI-HunyuanX,9,PozzettiAndrea,Tencent,"This package integrates Tencent's Hunyuan 3D 2.1 for image-to-3D generation with PBR texturing, mesh optimization, and multi-view texture baking.","HunyuanX_MeshGenerator, HunyuanX_MultiViewsGenerator, HunyuanX_BakeMultiViews, HunyuanX_ExportMesh, HunyuanX_PostprocessMesh",image-to-3d,high
ComfyUI-MIDI3D,https://github.com/PozzettiAndrea/ComfyUI-MIDI3D,3,PozzettiAndrea,MIDI-3D,"Generates compositional 3D scenes from a single image using multi-instance diffusion, handling multiple objects simultaneously.","Load MIDI-3D Model, MIDI-3D Preprocess, MIDI-3D Process, MIDI-3D Texture, Scene to Trimesh",image-to-3d,high
ComfyUI-NormalsToDepth,https://github.com/EMkrtchyan/ComfyUI-NormalsToDepth,1,EMkrtchyan,,Converts normal maps to depth maps for potential use in 3D workflows such as depth estimation or 3D reconstruction.,NormalsToDepth,depth-normal,high
ComfyUI-Qwen-Camera-Selector,https://github.com/HallettVisual/ComfyUI-Qwen-Camera-Selector,9,HallettVisual,,"Provides a camera prompt builder node for generating multiple-angle views using Qwen-Edit-2509, useful for 3D scene reconstruction.",Qwen Camera Prompt Builder,multi-view,medium
RDAWG 3D Pack (CUDA 12.8 + PyTorch 2.9.0),https://github.com/rdawgemfl/rdawg_3D_pack,0,rdawgemfl,,"A comprehensive toolkit for 3D model loading, processing, transformation, and rendering, optimized for CUDA 12.8 and PyTorch 2.9.0.","3D Model Loading, Mesh Processing, Point Cloud Operations, 3D Transformations, Neural Rendering",mesh-processing,high
ComfyUI-AdvancedCameraPrompts,https://github.com/jandan520/ComfyUI-AdvancedCameraPrompts,33,jandan520,,"Generates detailed camera control prompts by analyzing 3D camera data from Load 3D nodes, aiding in precise image generation workflows.",Advanced Camera Control Prompt Generator,visualization,high
ComfyUI-ToyShaders,https://github.com/jav12z/ComfyUI-ToyShaders,5,jav12z,,"This package enables GLSL shader rendering within ComfyUI workflows, including depth map generation, which can be useful for 3D visualization and procedural graphics.",ToyShader Render,visualization,medium
ComfyUI_Make-It-Animatable,https://github.com/speige/ComfyUI_Make-It-Animatable,4,speige,jasongzy,"This package provides auto-rigging functionality for humanoid 3D meshes, converting them into animation-ready GLB files compatible with Mixamo bone format.",Make-It-Animatable,rigging-animation,high
ComfyUI FOV Estimator,https://github.com/gitcapoom/comfyui_fovestimator,1,gitcapoom,,"Estimates Field of View (FOV) and tilt angle from images using depth maps or RGB analysis, aiding in 3D scene understanding.","FOV & Tilt Estimator (Depth), FOV & Tilt Estimator (RGB)",depth-normal,medium
ComfyUI PlyPreview,https://github.com/XuanYu-github/comfyui-PlyPreview,6,XuanYu-github,,"Provides nodes for loading, processing, and previewing Gaussian Splatting PLY files with built-in gsplat.js WebGL viewer","Load Gaussian PLY, Load Gaussian PLY (Path), Process Gaussian PLY, Preview Gaussian",gaussian-splatting,high
ComfyUI-Chord,https://github.com/ubisoft/ComfyUI-Chord,369,ubisoft,Ubisoft,"This package provides custom nodes for Chord, a method for PBR material estimation from generated texture images, enabling advanced texturing workflows.",ChordImageToMaterial,texturing,high
Qwen Camera Selector,https://github.com/TheMadDoctor007/ComfyUI-QwenCameraSelector,1,TheMadDoctor007,fal,Generates camera angle prompts for Qwen multi-angle LoRA model to facilitate multi-view generation.,QwenCameraSelector,multi-view,high
Comfyui_SynVow_MultiangleCamera,https://github.com/shumoLR/Comfyui_SynVow_MultiangleCamera,12,shumoLR,,"A ComfyUI custom node for 3D camera angle control, enabling interactive adjustment of camera angles and output of formatted prompt strings for multi-angle image generation.",SynVow_MultiangleCamera,multi-view,high
ComfyUI-TextureAlchemy,https://github.com/amtarr/ComfyUI-TextureAlchemy,19,amtarr,,"This package transforms images into complete PBR material sets, including albedo, normal, roughness, metallic, AO, height, and curvature maps, ready for use in game engines and 3D software.","PBR Extractor (Marigold), Normal Processor, Height Processor, Material Mixer, Texture Tiler",texturing,high
ComfyUI_Rabbit-Camera-Perspective,https://github.com/SamLiu1000/ComfyUI_Rabbit-Camera-Perspective,1,SamLiu1000,Fal,"This package provides a prompt previewer node optimized for use with Fal's Multi-View LoRA, particularly for generating multi-view portraits.",RabbitCameraPerspective,multi-view,medium
ComfyUI-Meshy,https://github.com/Kazama-Suichiku/ComfyUI-Meshy,6,Kazama-Suichiku,Meshy AI,"This package integrates Meshy AI's API into ComfyUI, enabling text-to-3D and image-to-3D model generation with customizable topology, polygon count, and PBR settings.","Meshy - Text to 3D (Preview), Meshy - Text to 3D (Refine), Meshy - Image to 3D",text-to-3d|image-to-3d,high
ComfyUI_CameraAngleSelector,https://github.com/NickPittas/ComfyUI_CameraAngleSelector,113,NickPittas,,Interactive 3D interface for selecting and visualizing camera angles for multi-angle image generation workflows.,CameraAngleSelector,visualization,medium
ComfyUI-TRELLIS2_Motion,https://github.com/styletransfer/ComfyUI-TRELLIS2_Motion,6,styletransfer,Microsoft,This package uses Microsoft's TRELLIS2 to transform video footage or single images into 3D mesh reconstructions with advanced rendering effects.,"Trellis2Predict, VideoToMeshes, MeshRenderer, MeshSequenceRenderer, MultiAngleCamera",image-to-3d,high
ComfyUI-BespokeAI-3D,https://github.com/SofianeAlla/ComfyUI-BespokeAI-3D,1,SofianeAlla,BespokeAI,"This package enables image-to-3D generation within ComfyUI, producing high-quality 3D models (GLB/OBJ) with PBR textures and automatic part segmentation.","ImageTo3D, AIEnhancement, PBRTextures, PartSegmentation",image-to-3d,high
comfyui-dap,https://github.com/maxious/comfyui-dap,1,maxious,Insta360-Research-Team,"This package provides depth estimation and 3D mesh generation from panoramic images using the Insta360 DAP model, optimized for equirectangular projections.","DAP Loader, DAP Inference, DAP Panoramic Mesh, DAP Normal Map, DAP ERP to Cubemap",depth-normal,high
comfyui-texture-packer,https://github.com/zisb/comfyui-texture-packer,1,zisb,,"This package provides a node for converting RGBA textures into solid RGB textures by bleeding edge colors outward from the alpha mask, primarily used for game engine assets and texture preparation.",Alpha Edge Solidify -> RGB,texturing,high
tk_comfyui_view_and_light,https://github.com/tackcrypto1031/tk_comfyui_view_and_light,0,tackcrypto1031,,"This package provides an interactive 3D widget for controlling camera angles and lighting directions, aiding in precise visualization for 3D-aware image generation.",TK View & Light,visualization,high
ComfyUI 3D Angles Selector,https://github.com/jianglinbin/ComfyUI-AnglesSelect,1,jianglinbin,,"This package provides tools for generating multi-angle LoRA prompts with a 3D visual angle selector, supporting 96 view combinations for 3D scene visualization.","3D Angles Selector, Simple Angles Selector",multi-view,medium
comfyUI-blender-wrapper,https://github.com/IRCSS/comfyUI-blender-wrapper,9,IRCSS,,"This package enables integration of Blender's 3D mesh processing capabilities (cleanup, decimation, unwrap, baking, rigging) into ComfyUI workflows via headless Blender execution.",BlenderWrapperNode,mesh-processing,high
ComfyUI-Equirectangular-Strip,https://github.com/migero/ComfyUI-Equirectangular-Strip,0,migero,,"This package provides nodes for converting between equirectangular (360°) images and a strip of 6 cube faces, which can be useful for multi-view 3D reconstruction workflows.","360 → 6×90° Strip, 6×90° Strip → 360",multi-view,medium
ComfyUI-PBRFusion4,https://github.com/Night1099/COMFYUI-PBRFusion4,8,Night1099,Night1099,"Generates depth maps and normal maps from images using the PBRFusion4 diffusion model, primarily for PBR texture workflows.","PBRFusion4 Simple Depth & Normal Generator, Normal Map Flip Y, Black Threshold Filter, Smart Upscale Calculator, Clamp Resolution",depth-normal,high
ComfyUI-DepthNormalizer,https://github.com/vito0131/ComfyUI-DepthNormalizer,0,vito0131,,"A custom node for normalizing depth maps to a specific range, useful for preparing depth data for 3D processing.",Depth Range → 0–190 (Manual),depth-normal,high
ComfyUI-Lux3D,https://github.com/manycore-research/ComfyUI-Lux3D,101,manycore-research,manycore-research,"A ComfyUI extension for converting 2D images into 3D models, supporting real-time rendering, scene template switching, and material preview.","Lux3D, LuxReal Engine",image-to-3d,high
ComfyUI-TrellisMeshPostprocess,https://github.com/Dodzilla/ComfyUI-TrellisMeshPostprocess,0,Dodzilla,,"This package provides a node for recalculating normals on Trellis-generated meshes, addressing lighting seams caused by duplicated/split vertices.",Trellis2 - Mesh Postprocess Normals,mesh-processing,high
ComfyUI-Trellis2 Multi-View Refiner,https://github.com/cuzelac/ComfyUI-Trellis2-MultiViewRefiner,0,cuzelac,,"Adds a multi-view mesh refiner node to ComfyUI-Trellis2, improving mesh detail by blending views (front/back/left/right) during sampling.",Trellis2 - Mesh Refiner Multi-View,multi-view,high
comfyui-depth-warp,https://github.com/moondive-cinema/comfyui-depth-warp,0,moondive-cinema,,Performs depth-based geometric view synthesis with 6-DOF camera transforms and generates hole masks for inpainting.,Depth Warp 6-DOF (MagicHour),depth-normal,high
ComfyUI-CLAHE-Preprocessor,https://github.com/cuzelac/ComfyUI-CLAHE-Preprocessor,0,cuzelac,,"This package provides a CLAHE preprocessing node to enhance images for cleaner depth estimation and 3D reconstruction, focusing on structural detail over lighting artifacts.",CLAHE_Preprocessor,depth-normal,high
hitems3D-comfyUI,https://github.com/dev-hitem/hitems3D-comfyUI,1,dev-hitem,Hitem3D,This package provides nodes for generating high-quality 3D models (GLB) from single or multi-view images using Hitem3D's AI services.,hitem3d:ImageTo3D,image-to-3d,high
ComfyUI VRM Pose Editor 3D,https://github.com/ketle-man/comfyui-vrm-pose-editor,0,ketle-man,pixiv (three-vrm),Interactive 3D pose editor for VRM/GLB/GLTF models with bone manipulation and pose capture as images.,3D Pose Editor,rigging-animation,high
ComfyUI-QFX-PBRGenerator,https://github.com/qornflex/ComfyUI-QFX-PBRGenerator,2,qornflex,,"Generates a full suite of PBR texture maps (BaseColor, Normal, Roughness, Metallic, Ambient Occlusion, Height) from a single 2D image, including advanced features like AI-powered delighting and seamless tiling.","PBR Generator, PBR Generator (Advanced)",texturing,high
ComfyUI-MVNT,https://github.com/mvnt-app/ComfyUI-MVNT,2,mvnt-app,mvnt-app,"Generates rigged 3D character animations from audio, including BVH/FBX output for dance choreography and motion transfer workflows.","MVNT Generate Dance, MVNT Generate Character, MVNT Preview BVH, MVNT Export Video, MVNT Load Motion",rigging-animation,high
ComfyUI Pulse MeshAudit,https://github.com/krishnancr/ComfyUI-Pulse-MeshAudit,14,krishnancr,,A ComfyUI custom node for auditing 3D mesh files by rendering them with a headless renderer and displaying detailed mesh statistics and quality metrics.,PulseMeshAudit,mesh-processing,high
Camera Movement to Prompt,https://github.com/Lil0k/comfyui_camera_movement_to_prompt,0,Lil0k,,Computes relative camera movement between two extrinsics matrices for multi-view 3D workflows.,CameraMovementToPrompt,multi-view,high
HunyuanWorld 3D World Generation,https://github.com/krmahil/comfyui-hunyuan-world,0,krmahil,Tencent Hunyuan,"Generates explorable 3D mesh worlds from text prompts or images using Tencent HunyuanWorld 1.0, including panorama generation and 3D mesh conversion.","HunyuanWorld Text to Panorama, HunyuanWorld Image to Panorama, HunyuanWorld Panorama to 3D World, HunyuanWorld Full Pipeline",text-to-3d,high
ComfyUI-Sapiens2,https://github.com/kijai/ComfyUI-Sapiens2,37,kijai,Facebook Research,"Provides nodes for Sapiens2 models, which include pose estimation, body-part segmentation, surface normal estimation, and pointmap estimation, useful for 3D human body analysis and reconstruction.","Sapiens2-Pose, Sapiens2-Seg, Sapiens2-Normal, Sapiens2-Pointmap","depth-normal,human-body",high
CADabra,https://github.com/PozzettiAndrea/ComfyUI-CADabra,23,PozzettiAndrea,,"Provides nodes for CAD file processing and mesh generation from formats like STEP, IGES, and BREP with interactive 3D viewer capabilities.","CAD viewer, STEP loader, IGES loader, BREP loader, mesh generator",cad,high
ComfyUI-Leputen-Utils,https://github.com/lilquail/ComfyUI-Leputen-Utils,0,lilquail,,"Provides tools for PBR map generation and DDS texture handling, essential for 3D texturing workflows in game development.","DDS Texture Support, PBR Map Generation, Normal Map Tools, DeepBump, Batch Processing",texturing,high
PAL Layout Node,https://github.com/Lenscowboy/comfyui-lenscowboy-pal,0,Lenscowboy,,"Provides 3D previsualization and spatial layout capabilities within ComfyUI, enabling users to set up camera angles, position subjects, and render beauty, depth, and normal passes from a Three.js viewport.",PAL Layout Node,visualization,high
ComfyUI-TripoSG,https://github.com/tungnguyensipher/ComfyUI-TripoSG,2,tungnguyensipher,Tripo,"TripoSG is a high-fidelity image-to-3D generation model that produces detailed 3D meshes from input images, leveraging rectified flow transformers and SDF-based supervision.","TripoSG, TripoSG-scribble",image-to-3d,high
ComfyUI-Sapiens2-Easy,https://github.com/Bogyie/ComfyUI-Sapiens2-Easy,13,Bogyie,Meta,"Provides nodes for Meta Sapiens2 model enabling human segmentation, normal maps, 3D pointmap generation with GLB export, and pose estimation from single images.","Sapiens2Loader, Sapiens2Pointmap, Sapiens2Pose, Sapiens2Normal, Sapiens2Segment",human-body,high
ComfyUI Pascal Editor,https://github.com/jtydhr88/ComfyUI-PascalEditor,84,jtydhr88,pascalorg,"Integrates Pascal 3D architectural editor for creating and editing buildings with mesh export capabilities (GLB, STL, OBJ).",Pascal Editor,mesh-processing,high
ComfyUI-marigold-intrinsics-PaGeR-TensorRT,https://github.com/Apache0ne/ComfyUI-marigold-intrinsics-PaGeR-TensorRT,0,Apache0ne,"VisualComputingInstitute, prs-eth","This package provides TensorRT loaders for Marigold IID and PaGeR ERP models, which are used for monocular depth estimation and intrinsic image decomposition.","LoadUNetTensorRTEngine, DownloadAndLoadMarigoldIIDAppearanceModelRT, DownloadAndLoadMarigoldIIDLightingModelRT, DownloadAndLoadPaGeRModelRT",depth-normal,high
Pixaroma,https://github.com/pixaroma/ComfyUI-Pixaroma,122,pixaroma,,"Provides a 3D Builder node for creating and editing 3D scenes within ComfyUI, including importing 3D models and generating reference scenes for depth maps.",3D Builder,visualization,high
ComfyUI-pixel-perfect-depth,https://github.com/Apache0ne/ComfyUI-pixel-perfect-depth,0,Apache0ne,"Depth Anything V2, MoGe, DiT","Generates pixel-perfect depth maps and point clouds from images, supporting 3D reconstruction workflows","Pixel Perfect Depth (Depth Map - V2), Pixel Perfect Depth (Save Point Cloud - V2), Pixel Perfect Depth (Unpack Depth)",depth-normal,high
Hi3D,https://github.com/dev-hitem/Hi3D-comfyui,0,dev-hitem,Hi3D,Generates 3D models (GLB) from single/multi-view images with texture/PBR support using Hi3D's API.,Hi3D:ImageTo3D,image-to-3d,high
Texture_Projection,https://github.com/Aero-Ex/Texture_Projection-Nodes,1,Aero-Ex,,"This package provides tools for projecting textures onto 3D models, which is essential for 3D texturing workflows.",Texture Projection,texturing,high
SAM3D Cam Shot Toolkit,https://github.com/EnviralDesign/sam3d-body-comfyUI-camshottoolkit,0,EnviralDesign,,"This package provides tools for SAM3D body reconstruction using calibrated camera-shot workflows, including model loading, image processing, and offset rendering.","Cam Shot Toolkit: Load SAM3D Model, Cam Shot Toolkit: Process Image, Cam Shot Toolkit: Render Offset View",human-body,high
Comfyui UltraShape1,https://github.com/jtydhr88/ComfyUI-UltraShape1,175,jtydhr88,PKU-YuanGroup,"Provides nodes for refining coarse 3D meshes using image guidance, supporting multiple export formats like GLB, OBJ, PLY, and STL.","UltraShape Load Model, UltraShape Mesh Selector, UltraShape Load Coarse Mesh, UltraShape Refine",mesh-processing,high
HY-World 2.0 — WorldMirror 3D,https://github.com/AHEKOT/ComfyUI_HYWorld2,33,AHEKOT,Tencent,"This package provides nodes for 3D scene reconstruction from single images or panoramas, outputting PLY point clouds, depth maps, normals, and Gaussian splats.","VNCCS_WorldMirror3D, VNCCS_WorldMirrorV2_3D, VNCCS_PLYSceneRenderer, VNCCS_SplatRefiner, VNCCS_Equirect360ToViews",image-to-3d,high
Comfyui-marigold-intrinsics-PaGeR,https://github.com/Apache0ne/Comfyui-marigold-intrinsics-PaGeR,0,Apache0ne,,"This package provides nodes for Marigold IID and PaGeR ERP geometry, focusing on depth and normal map estimation, and includes point cloud export capabilities.","PaGeRInferCubemap, PaGeRDepthPostprocess, PaGeRNormalPostprocess, PaGeRSavePointCloud, MarigoldIIDAppearance",depth-normal,high
Comfyui-CraftsMan3DWrapper,https://github.com/hunzmusic/Comfyui-CraftsMan3DWrapper,15,hunzmusic,,"This package provides nodes for generating 3D coarse meshes from images using the CraftsMan3D model, specifically the version utilizing DoraVAE.","CraftsMan Generator (All-in-One), Load CraftsMan Pipeline, Preprocess Image (CraftsMan), Sample CraftsMan Latents, Decode CraftsMan Latents",image-to-3d,high
TripoSF,https://github.com/PozzettiAndrea/ComfyUI-TripoSF,1,PozzettiAndrea,,"This package provides nodes for encoding and decoding high-resolution 3D meshes using TripoSF, supporting arbitrary topology and open surfaces.","Load TripoSF Model, TripoSF Encode, TripoSF Decode, TripoSF Interpolate, Visualize TripoSF Latent",mesh-processing,high
Comfyui Mesh2Motion,https://github.com/jtydhr88/ComfyUI-mesh2motion,128,jtydhr88,Mesh2Motion,"Integrates Mesh2Motion into ComfyUI for 3D model animation rigging, allowing interactive editing of rigs and camera moves within nodes.",Mesh2Motion Explore,rigging-animation,high
Gaussian Splat Shot Render,https://github.com/EnviralDesign/gaussian-splat-shot-render-comfyui,0,EnviralDesign,,"ComfyUI nodes for rendering camera shots over Gaussian splatting scenes, featuring both WebGL interactive preview and CPU raster outputs.","LoadSharpModel, SHARP Predict, Gaussian Splat Shot Render",gaussian-splatting,high
PrimitiveAnything,https://github.com/PozzettiAndrea/ComfyUI-PrimitiveAnything,2,PozzettiAndrea,hyz317,"This package decomposes 3D meshes into assemblies of primitive shapes (cubes, spheres, cylinders) using an auto-regressive transformer, outputting GLB files with colored primitives.",PrimitiveAnything,mesh-processing,high
comfyui-sunflower-nodes,https://github.com/andygill/comfyui-sunflower-nodes,1,andygill,,This package provides ComfyUI nodes specifically designed for 3D visualization tasks.,,visualization,high
Hitem3D,https://github.com/dev-hitem/hitem3d-comfyUI,1,dev-hitem,Hitem3D,"Generates 3D models (GLB format) from single or multi-view images using Hitem3D AI services, with texture regeneration and scene-specific options.",hitem3d:ImageTo3D,image-to-3d,high
houdini-comfyui-bridge,https://github.com/CapybaraCrowporation/houdini-comfyui-bridge,97,CapybaraCrowporation,,"Bridges Houdini with ComfyUI for importing/exporting meshes and images, enabling generative AI workflows within a 3D environment.","Import Meshes, Export Meshes",mesh-processing,high
VNTANA,https://github.com/VNTANA-3D/vntana-comfyui-node,0,VNTANA-3D,VNTANA-3D,"Custom nodes for integrating with VNTANA's 3D content management platform, enabling 3D model download/upload with optimization presets and rendering capabilities.","VNTANADownloadRender, VNTANAUploadRender, VNTANASearchProducts, VNTANAUploadModel, VNTANADownloadModel",mesh-processing,high
ComfyUI-SegviGen,https://github.com/Aero-Ex/ComfyUI-SegviGen,32,Aero-Ex,"fenghora, Microsoft","Provides 3D part segmentation and texture generation using SegviGen with TRELLIS 2.0 components, outputting voxel representations for 3D use.","SegviGen Shape/Tex Loader Nodes, SegviGen Checkpoint Loader, SegviGen Sampler, SegviGen Slat To Voxel, SegviGen Image To Cond",texturing,high
ComfyUI-Rodin,https://github.com/Ravenmelt/ComfyUI-Rodin,54,Ravenmelt,Hyper3D.ai,"Provides nodes for generating 3D models (with PBR textures) from images, text, or multiple views via the Rodin API from Hyper3D.ai.","Rodin - Image to 3D, Rodin - Text to 3D, Rodin - Multiple Images to 3D, Rodin - API KEY, 3D preview",image-to-3d|text-to-3d|multi-view,high
Comfy3D-Studio,https://github.com/Aero-Ex/Comfy3D-Studio,1,Aero-Ex,,"This package provides nodes for manipulating 3D objects within ComfyUI, focusing on mesh processing tasks.","MeshManipulator, ObjectRotator, ScaleAdjuster",mesh-processing,high
ComfyUI-Blender-Nodes,https://github.com/michaelgold/ComfyUI-Blender-Nodes,0,michaelgold,,"This package integrates Blender's native BPY (Blender Python) actions into ComfyUI, enabling mesh processing and manipulation directly within ComfyUI workflows.","BlenderNode, MeshProcessor, BPYAction",mesh-processing,high
Hunyuan3D-Part,https://github.com/PozzettiAndrea/ComfyUI-Hunyuan3D-Part,45,PozzettiAndrea,Tencent,Provides nodes for 3D mesh segmentation and high-fidelity part generation using P3-SAM for segmentation and X-Part diffusion.,"P3-SAM Segmentation, X-Part Generation",mesh-processing,high
BrainDead Nodes,https://github.com/BizaNator/ComfyUI-BrainDead,0,BizaNator,,"Provides nodes for 3D mesh processing, including caching, color sampling, simplification, and PBR texture baking.","BD Cache Mesh, BD Sample Voxelgrid Colors, BD Sample Voxelgrid PBR, BD Apply Color Field",mesh-processing,high
ComfyUI-ComfyUI-Hunyuan3DWrapper,https://github.com/kijai/ComfyUI-Hunyuan3DWrapper,994,kijai,Tencent,"This package provides wrapper nodes for Tencent's Hunyuan3D-2 model, enabling text-to-3D generation and texture processing within ComfyUI.","Preview3D, TextureGen, MeshProcessor",text-to-3d,high
ComfyUI-QuasimondoNodes,https://github.com/Quasimondo/ComfyUI-QuasimondoNodes,14,Quasimondo,,"Includes 'Spring Mesh' node for distorting meshes using motion maps or flows, leveraging OpenGL shaders for mesh manipulation.","Spring Mesh, Custom Shader",mesh-processing,medium
SAM3DObjects,https://github.com/PozzettiAndrea/ComfyUI-SAM3DObjects,177,PozzettiAndrea,Meta AI Research,Generates 3D meshes and Gaussian splats from single images using SAM 3D Objects technology.,"SAM3DObjects, Extract3DGaussians, GenerateMeshFromImage",image-to-3d,high
comfyui_fk_server,https://github.com/juehackr/comfyui_fk_server,565,juehackr,,Provides a 3D Openpose Editor node for creating and editing 3D character poses within ComfyUI workflows.,3D Openpose Editor,rigging-animation,medium
ComfyUI-Unique3D,https://github.com/jtydhr88/ComfyUI-Unique3D,225,jtydhr88,AiuniAI,"This package integrates AiuniAI's Unique3D model into ComfyUI, enabling image-to-3D mesh generation workflows.","Unique3D, image2normal, img2mvimg",image-to-3d,high
playbook-nodes,https://github.com/playbook3d/playbook-nodes,21,playbook3d,playbook3d,"This package provides custom nodes for integrating Playbook3D renders into ComfyUI workflows, including beauty, canny, depth, and mask render passes.","Beauty, Canny, Depth, Mask",visualization,high
ComfyUI-TripoSG,https://github.com/fredconex/ComfyUI-TripoSG,26,fredconex,TripoSR,"This package enables 3D mesh generation from a single image using the TripoSG model, integrating it into ComfyUI for 3D workflows.",TripoSGNode,image-to-3d,high
TRELLIS2,https://github.com/PozzettiAndrea/ComfyUI-TRELLIS2,461,PozzettiAndrea,Microsoft Research,Generates high-quality 3D meshes with PBR materials from a single image using Microsoft's TRELLIS.2 model.,"TRELLIS2_LoadModel, TRELLIS2_Generate3D",image-to-3d,high
ComfyUI-See-through,https://github.com/jtydhr88/ComfyUI-See-through,416,jtydhr88,shitagaki-lab,"This package decomposes anime illustrations into manipulatable 2.5D layer-decomposed models with depth ordering, suitable for Live2D workflows.","SeeThrough Load LayerDiff Model, SeeThrough Load Depth Model, SeeThrough Decompose, SeeThrough Save PSD",other-3d,medium
ComfyUI-DepthPro,https://github.com/alexisrolland/ComfyUI-DepthPro,4,alexisrolland,apple,"This package provides custom nodes to run Apple's DepthPro model, which outputs metric depth maps suitable for 3D projection and camera focal length estimation.",DownLoad And Load DepthPro,depth-normal,high
UniRig,https://github.com/PozzettiAndrea/ComfyUI-UniRig,378,PozzettiAndrea,VAST-AI-Research,"Automatic skeleton extraction and rigging for character meshes, supporting pose manipulation and export.","UniRigNode, MIANode, RigExportNode",rigging-animation,high
HyMotion,https://github.com/Aero-Ex/ComfyUI-HyMotion,21,Aero-Ex,Aero-Ex,"This package enables text-to-3D human motion generation with support for custom characters and robust FBX retargeting, including SMPL-H integration and interactive 3D preview.","Text-to-Motion, Robust Retargeting, Interactive 3D Viewer, SMPL Integration, MHR GPU Converter",rigging-animation,high
ComfyUI HY Motion1,https://github.com/jtydhr88/ComfyUI-HY-Motion1,284,jtydhr88,Tencent Hunyuan,"This package enables text-to-3D human motion generation with skeleton animation, supporting GLB and FBX export for use in 3D tools like Blender and Maya.","Text-to-Motion Generation, Motion Preview, GLB Export, FBX Export, Custom Character Retargeting",rigging-animation,high
MotionCapture,https://github.com/PozzettiAndrea/ComfyUI-MotionCapture,242,PozzettiAndrea,"Qiu, Zehong and Wang, Qingshan and Peng, Zhenbo","This package provides nodes for 3D human motion capture from video using GVHMR, extracting SMPL parameters and 3D skeletal motion.","SMPLDataExtractor, MotionRetargeting",human-body,high
ComfyUI_TRELLIS2_SM,https://github.com/smthemex/ComfyUI_TRELLIS2_SM,13,smthemex,Microsoft,"This package integrates TRELLIS.2, a model for 3D generation from images, supporting texture mapping and PBR material application on 3D models (PLY, OBJ, GLB).","TRELLIS2_Loader, Texture_Mode_Processor, Image_to_GLB",image-to-3d,high
